sample,arm,tcn,lcn,cn_length,arm_length,frac_of_arm,cn_state
MDL15-1352,1p,5,2,84894800,84894800,1,GAIN
MDL15-1352,3p,5,0,39370216,39370216,1,CNLOH BEFORE & GAIN
MDL15-1352,4p,1,0,194000,194000,1,LOSS BEFORE & AFTER
MDL15-1352,4q,6,0,134170200,134170200,1,AMP (LOH)
MDL15-1352,6q,6,2,105690204,106506013,0.99,AMP
MDL15-1352,8q,6,3,33607417,37951105,0.89,AMP (BALANCED)
MDL15-1352,9p,4,2,17611696.5,17611696.5,1,TETRAPLOID
MDL15-1352,14q,4,0,5169909,6016026,0.86,CNLOH BEFORE
MDL15-1352,15q,4,2,69075290,69075290,1,TETRAPLOID
MDL15-1352,18p,6,2,5341852.5,5341852.5,1,AMP
MDL15-1352,20p,6,2,17594590,17594590,1,AMP
MDL15-1352,23p,2,0,57726860.5,57726860.5,1,LOSS BEFORE
MDL15-1352,23q,2,0,94607339.5,94607339.5,1,LOSS BEFORE
MDL15-2291,1p,5,2,74481830,80580538,0.92,GAIN
MDL15-2291,2p,5,2,8223051,8223051,1,GAIN
MDL15-2291,4p,0,0,69700,69700,1,HOMDEL
MDL15-2291,7p,0,0,245000,245000,1,HOMDEL
MDL15-2291,9p,5,2,44441996.5,44441996.5,1,GAIN
MDL15-2291,9q,5,2,85363196.5,91599235.5,0.93,GAIN
MDL15-2291,12p,1,0,445800,445800,1,LOSS BEFORE & AFTER
MDL15-2291,13q,5,1,79954600,91522336,0.87,LOSS & GAIN
MDL15-2291,15q,4,2,57255300,57255300,1,TETRAPLOID
MDL15-2291,18p,4,2,7442852.5,7442852.5,1,TETRAPLOID
MDL15-2291,20p,6,3,25202700,27941590,0.9,AMP (BALANCED)
MDL15-2291,21q,5,2,30934065,33701504,0.92,GAIN
MDL15-2291,23p,1,0,9928600,9928600,1,LOSS BEFORE & AFTER
MDL16-2187,1p,3,1,84490000,88462091.5,0.96,LOSS AFTER
MDL16-2187,2p,4,2,4253551,4253551,1,TETRAPLOID
MDL16-2187,3p,3,1,92016116,92016116,1,LOSS AFTER
MDL16-2187,3q,3,1,90940978,105619911,0.86,LOSS AFTER
MDL16-2187,4p,3,1,40731106,40924206,1,LOSS AFTER
MDL16-2187,4q,3,1,137416281,137416281,1,LOSS AFTER
MDL16-2187,5q,3,1,70065757,78449783,0.89,LOSS AFTER
MDL16-2187,6p,3,1,15077511,15077511,1,LOSS AFTER
MDL16-2187,6q,3,1,100883293,111102936,0.91,LOSS AFTER
MDL16-2187,7p,3,1,29232736.5,29232736.5,1,LOSS AFTER
MDL16-2187,7q,3,1,96922199.5,99246557.5,0.98,LOSS AFTER
MDL16-2187,10q,3,1,76813371,87412350,0.88,LOSS AFTER
MDL16-2187,11p,3,1,49411911,49411911,1,LOSS AFTER
MDL16-2187,11q,3,1,75234639,81611882,0.92,LOSS AFTER
MDL16-2187,12p,3,1,35910329.5,35917329.5,1,LOSS AFTER
MDL16-2187,13q,4,2,64610081,71394025,0.9,TETRAPLOID
MDL16-2187,15q,3,1,69065500,69065500,1,LOSS AFTER
MDL16-2187,17p,3,1,21218700,24642162.5,0.86,LOSS AFTER
MDL16-2187,17q,4,2,47050335,58523452.5,0.8,TETRAPLOID
MDL16-2187,18p,4,0,18113652.5,18113652.5,1,CNLOH BEFORE
MDL16-2187,18q,4,0,62086347.5,62086347.5,1,CNLOH BEFORE
MDL16-2187,20p,4,0,28149490,28149490,1,CNLOH BEFORE
MDL16-2187,21q,4,0,32217226,34784472,0.93,CNLOH BEFORE
MDL16-2187,23p,4,0,60224960.5,60224960.5,1,CNLOH BEFORE
MDL16-2187,23q,4,0,88478539.5,94253939.5,0.94,CNLOH BEFORE
MDL16-2366,1p,2,0,17708274.5,19908465.5,0.89,CNLOH
MDL16-2366,3p,2,1,92016116,92016116,1,DIPLOID
MDL16-2366,4p,1,0,9932500,9932500,1,HETLOSS
MDL16-2366,6p,3,0,5677411,5677411,1,CNLOH & GAIN
MDL16-2366,6q,3,0,85574546,106178960,0.81,CNLOH & GAIN
MDL16-2366,8q,4,0,87335854,93111444,0.94,CNLOH & GAIN
MDL16-2366,9q,2,1,49537824,49995212,0.99,DIPLOID
MDL16-2366,10q,2,1,30822462,33117121,0.93,DIPLOID
MDL16-2366,11q,2,1,54486094,57479015,0.95,DIPLOID
MDL16-2366,12q,2,1,33404606,34688789,0.96,DIPLOID
MDL16-2366,13q,2,1,94225959,96120059,0.98,DIPLOID
MDL16-2366,14q,2,1,29181076,30773789,0.95,DIPLOID
MDL16-2366,17p,2,1,22146606.5,24482340.5,0.9,DIPLOID
MDL16-2366,17q,2,1,51806947.5,58313008.5,0.89,DIPLOID
MDL16-2366,18p,2,1,17999952.5,18073352.5,1,DIPLOID
MDL16-2366,20p,2,0,28149490,28149490,1,CNLOH
MDL16-2366,20q,2,0,33942489,35108217,0.97,CNLOH
MDL16-2366,22q,2,1,29591457,36784747,0.8,DIPLOID
MDL16-2366,23p,1,0,57756660.5,57756660.5,1,HETLOSS
MDL16-2366,23q,1,0,95509757.5,95509757.5,1,HETLOSS
MDL16-2565,1p,4,2,105922900,116945886.5,0.91,TETRAPLOID
MDL16-2565,2p,1,0,4253551,4253551,1,LOSS BEFORE & AFTER
MDL16-2565,3p,4,2,92016116,92016116,1,TETRAPLOID
MDL16-2565,3q,4,2,103454113,103467413,1,TETRAPLOID
MDL16-2565,4p,4,2,50674606,50674606,1,TETRAPLOID
MDL16-2565,4q,4,2,135079111,138431168,0.98,TETRAPLOID
MDL16-2565,5p,4,2,48132553.5,48132553.5,1,TETRAPLOID
MDL16-2565,5q,4,2,123302088.5,130273400.5,0.95,TETRAPLOID
MDL16-2565,6p,4,2,59085811,59085811,1,TETRAPLOID
MDL16-2565,7p,4,2,59829136.5,59829136.5,1,TETRAPLOID
MDL16-2565,7q,4,2,98397950.5,99376070.5,0.99,TETRAPLOID
MDL16-2565,8p,5,0,17418704.5,17418704.5,1,CNLOH BEFORE & GAIN
MDL16-2565,8q,5,0,96466725.5,100097739.5,0.96,CNLOH BEFORE & GAIN
MDL16-2565,9p,4,2,44441996.5,44441996.5,1,TETRAPLOID
MDL16-2565,9q,4,2,79315379.5,93731570.5,0.85,TETRAPLOID
MDL16-2565,10q,4,0,32110015,34804554,0.92,CNLOH BEFORE
MDL16-2565,11p,4,2,4630311,4630311,1,TETRAPLOID
MDL16-2565,13q,4,2,90882300,96147772,0.95,TETRAPLOID
MDL16-2565,14q,4,2,85214776,87928469,0.97,TETRAPLOID
MDL16-2565,15q,4,2,69084317,69084317,1,TETRAPLOID
MDL16-2565,16p,4,2,31903700,37270865.5,0.86,TETRAPLOID
MDL16-2565,18p,4,2,14495200,18042797.5,0.8,TETRAPLOID
MDL16-2565,18q,4,2,55403153,61356627.5,0.9,TETRAPLOID
MDL16-2565,19p,4,2,22193040,22193040,1,TETRAPLOID
MDL16-2565,20p,4,2,14612190,14612190,1,TETRAPLOID
MDL16-2565,20q,4,0,29538711,35083574,0.84,CNLOH BEFORE
MDL16-2565,23p,3,1,60224960.5,60224960.5,1,LOSS AFTER
MDL16-2565,23q,3,1,93968549.5,93968549.5,1,LOSS AFTER
MDL16-2571,1p,3,0,61959900,76051476.5,0.81,CNLOH BEFORE & LOSS
MDL16-2571,2q,3,1,133712159,144634600,0.92,LOSS AFTER
MDL16-2571,4p,2,0,1578506,1782106,0.89,LOSS BEFORE
MDL16-2571,4q,2,0,139212779,139212779,1,LOSS BEFORE
MDL16-2571,7p,5,2,15898036.5,15898036.5,1,GAIN
MDL16-2571,8p,1,0,32392300,32392300,1,LOSS BEFORE & AFTER
MDL16-2571,8q,7,1,57335200,59776841,0.96,AMP
MDL16-2571,11p,1,0,2823900,2823900,1,LOSS BEFORE & AFTER
MDL16-2571,11q,2,0,36915144,41665842,0.89,LOSS BEFORE
MDL16-2571,13q,2,0,96153000,96153000,1,LOSS BEFORE
MDL16-2571,14q,4,2,84116819,88526900,0.95,TETRAPLOID
MDL16-2571,15q,2,0,69212627,69212627,1,LOSS BEFORE
MDL16-2571,17p,2,0,21218700,24642162.5,0.86,LOSS BEFORE
MDL16-2571,18q,2,0,50281492,62079642.5,0.81,LOSS BEFORE
MDL16-2571,19q,3,1,28321339,32733918,0.87,LOSS AFTER
MDL16-2571,20p,6,0,28149490,28149490,1,AMP (LOH)
MDL16-2571,23p,4,2,3945060.5,3945060.5,1,TETRAPLOID
MDL16-2571,23q,4,2,92672809.5,95517267.5,0.97,TETRAPLOID
MDL16-3157,1p,2,1,120188656,123216949.5,0.98,DIPLOID
MDL16-3157,2p,1,0,6296951,6296951,1,HETLOSS
MDL16-3157,2q,2,1,118201626,146224760,0.81,DIPLOID
MDL16-3157,3p,2,1,92016116,92016116,1,DIPLOID
MDL16-3157,3q,2,1,102501706,102501706,1,DIPLOID
MDL16-3157,4p,2,1,50674606,50674606,1,DIPLOID
MDL16-3157,4q,2,1,138942893,138942893,1,DIPLOID
MDL16-3157,5p,2,1,48132553.5,48132553.5,1,DIPLOID
MDL16-3157,5q,2,1,130175064.5,132987367.5,0.98,DIPLOID
MDL16-3157,6p,2,1,59085811,59085811,1,DIPLOID
MDL16-3157,6q,2,1,109802214,109802214,1,DIPLOID
MDL16-3157,7q,2,1,57932511,59056882,0.98,DIPLOID
MDL16-3157,8p,2,1,17418704.5,17418704.5,1,DIPLOID
MDL16-3157,8q,2,1,88787692.5,99783224.5,0.89,DIPLOID
MDL16-3157,9p,2,0,44441996.5,44441996.5,1,CNLOH
MDL16-3157,9q,2,0,88699268.5,92122772.5,0.96,CNLOH
MDL16-3157,10p,2,1,40593001.5,40593001.5,1,DIPLOID
MDL16-3157,10q,2,1,92752513.5,92752513.5,1,DIPLOID
MDL16-3157,11p,2,1,49411911,49411911,1,DIPLOID
MDL16-3157,11q,2,1,82229402,82229402,1,DIPLOID
MDL16-3157,12p,2,1,35965129.5,35965129.5,1,DIPLOID
MDL16-3157,12q,2,1,96704666.5,97243474.5,0.99,DIPLOID
MDL16-3157,13q,2,1,96153000,96153000,1,DIPLOID
MDL16-3157,14q,2,1,85214776,88504910,0.96,DIPLOID
MDL16-3157,15q,2,1,69169427,81934527,0.84,DIPLOID
MDL16-3157,16p,2,1,33551609.5,36865236.5,0.91,DIPLOID
MDL16-3157,16q,2,1,52621641.5,52621641.5,1,DIPLOID
MDL16-3157,17p,2,1,20496322.5,24563422.5,0.83,DIPLOID
MDL16-3157,18p,2,1,18113152.5,18113152.5,1,DIPLOID
MDL16-3157,18q,2,1,62086347.5,62086347.5,1,DIPLOID
MDL16-3157,20p,2,1,14830463,17578319,0.84,DIPLOID
MDL16-3157,20q,2,0,34859358,36087522,0.97,CNLOH
MDL16-3157,21q,2,1,34103968,34786948,0.98,DIPLOID
MDL16-3157,22q,2,1,36726100,36726100,1,DIPLOID
MDL16-3157,23p,1,0,60224960.5,60224960.5,1,HETLOSS
MDL16-3157,23q,1,0,95517625.5,95517625.5,1,HETLOSS
MDL16-3467,1p,3,1,89502700,96758506,0.93,GAIN
MDL16-3467,1q,2,1,81778867,98822377,0.83,DIPLOID
MDL16-3467,2q,2,1,136804211,147959518,0.92,DIPLOID
MDL16-3467,3p,2,1,92016116,92016116,1,DIPLOID
MDL16-3467,3q,2,1,104421364,105276055,0.99,DIPLOID
MDL16-3467,4p,3,1,40731106,40731106,1,GAIN
MDL16-3467,5p,3,0,13443053.5,13483153.5,1,CNLOH & GAIN
MDL16-3467,6p,3,1,58784411,58784411,1,GAIN
MDL16-3467,7p,2,1,59829136.5,59829136.5,1,DIPLOID
MDL16-3467,7q,2,1,91918422.5,99182362.5,0.93,DIPLOID
MDL16-3467,8p,2,1,44742004.5,44742004.5,1,DIPLOID
MDL16-3467,8q,2,1,98397260.5,99647887.5,0.99,DIPLOID
MDL16-3467,9p,2,1,44281996.5,44281996.5,1,DIPLOID
MDL16-3467,9q,2,1,93571183.5,93571183.5,1,DIPLOID
MDL16-3467,10q,2,1,82648131,82648131,1,DIPLOID
MDL16-3467,11p,2,1,49802511,49802511,1,DIPLOID
MDL16-3467,11q,2,1,81650387,82229733,0.99,DIPLOID
MDL16-3467,12p,1,0,273500,273500,1,HETLOSS
MDL16-3467,13q,3,1,88738700,92878290,0.96,GAIN
MDL16-3467,14q,2,1,12776182,15507711,0.82,DIPLOID
MDL16-3467,15q,3,0,1124697,1124697,1,CNLOH & GAIN
MDL16-3467,16q,2,1,34570845,41893820,0.83,DIPLOID
MDL16-3467,17p,2,1,21105337,24576758.5,0.86,DIPLOID
MDL16-3467,17q,2,1,51994383,58207359.5,0.89,DIPLOID
MDL16-3467,18p,2,1,18113652.5,18113652.5,1,DIPLOID
MDL16-3467,18q,2,1,62085784.5,62085784.5,1,DIPLOID
MDL16-3467,19p,2,1,25713146,25713146,1,DIPLOID
MDL16-3467,19q,2,1,31698871,32355375,0.98,DIPLOID
MDL16-3467,20p,2,1,28149238,28149238,1,DIPLOID
MDL16-3467,22q,2,1,35731344,36754781,0.97,DIPLOID
MDL16-3467,23p,2,1,52206460.5,52206460.5,1,DIPLOID
MDL16-3467,23q,2,1,95517822.5,95517822.5,1,DIPLOID
MDL16-3681,1p,6,2,70195887,72596625,0.97,AMP
MDL16-3681,3p,5,2,3266116,3266116,1,GAIN
MDL16-3681,4p,0,0,195100,195100,1,HOMDEL
MDL16-3681,4q,3,0,105690800,120774100,0.88,CNLOH BEFORE & LOSS
MDL16-3681,6p,4,0,7141711,7141711,1,CNLOH BEFORE
MDL16-3681,6q,4,0,94539674,111423281,0.85,CNLOH BEFORE
MDL16-3681,7p,1,0,4647600,4664700,1,LOSS BEFORE & AFTER
MDL16-3681,8q,4,0,35272926,43451593,0.81,CNLOH BEFORE
MDL16-3681,9p,3,0,44441996.5,44441996.5,1,CNLOH BEFORE & LOSS
MDL16-3681,9q,3,0,87428504.5,91334590.5,0.96,CNLOH BEFORE & LOSS
MDL16-3681,10q,4,0,28743935,34618614,0.83,CNLOH BEFORE
MDL16-3681,12q,3,0,49177811,58560142,0.84,CNLOH BEFORE & LOSS
MDL16-3681,13q,5,0,87567400,87567400,1,CNLOH BEFORE & GAIN
MDL16-3681,14q,6,3,77452900,80570495,0.96,AMP (BALANCED)
MDL16-3681,15q,3,1,80109500,81704800,0.98,LOSS AFTER
MDL16-3681,16p,4,0,23312700,28859078,0.81,CNLOH BEFORE
MDL16-3681,17p,4,1,21219048,21219048,1,CNLOH AFTER
MDL16-3681,18p,6,3,18113652.5,18113652.5,1,AMP (BALANCED)
MDL16-3681,20p,4,0,24701990,24701990,1,CNLOH BEFORE
MDL16-3681,21q,4,1,28686470,33291662,0.86,CNLOH AFTER
MDL16-3681,23p,2,0,60224960.5,60224960.5,1,LOSS BEFORE
MDL16-3681,23q,2,0,95474863.5,95474863.5,1,LOSS BEFORE
MDL16-372,1p,2,0,50279000,61294262.5,0.82,CNLOH
MDL16-372,2p,2,1,4253551,4253551,1,DIPLOID
MDL16-372,2q,2,1,122863880,147873248,0.83,DIPLOID
MDL16-372,3q,2,1,98354516,98454529,1,DIPLOID
MDL16-372,4p,1,0,9099900,9293400,0.98,HETLOSS
MDL16-372,4q,2,1,99324878,99324878,1,DIPLOID
MDL16-372,7p,3,1,13982736.5,13982736.5,1,GAIN
MDL16-372,8p,1,0,43461100,43461100,1,HETLOSS
MDL16-372,9p,1,0,5365496.5,5365496.5,1,HETLOSS
MDL16-372,10p,1,0,1994801.5,1994801.5,1,HETLOSS
MDL16-372,10q,2,0,82822923,93018921.5,0.89,CNLOH
MDL16-372,11p,1,0,8115711,8115711,1,HETLOSS
MDL16-372,11q,4,1,34142763,42522852,0.8,GAIN
MDL16-372,12p,1,0,157000,157000,1,HETLOSS
MDL16-372,12q,2,1,31961575,32828228,0.97,DIPLOID
MDL16-372,13q,2,0,96153000,96153000,1,CNLOH
MDL16-372,14q,2,1,42072618,45915990,0.92,DIPLOID
MDL16-372,15q,2,1,70922600,81977900,0.87,DIPLOID
MDL16-372,17q,2,1,51375899,57716036.5,0.89,DIPLOID
MDL16-372,18p,3,1,4589250,4589250,1,GAIN
MDL16-372,18q,2,0,59296100,59296100,1,CNLOH
MDL16-372,19p,1,0,22103699,22495815,0.98,HETLOSS
MDL16-372,20p,2,0,25760934,28140824,0.92,CNLOH
MDL16-372,20q,2,1,32287377,36043193,0.9,DIPLOID
MDL16-372,22q,1,0,32799882,36785921,0.89,HETLOSS
MDL16-372,23p,1,0,60224960.5,60224960.5,1,HETLOSS
MDL16-372,23q,1,0,95518019.5,95518019.5,1,HETLOSS
MDL16-3785,1p,4,2,94843306,97437094,0.97,TETRAPLOID
MDL16-3785,1q,4,2,88576870,103163075,0.86,TETRAPLOID
MDL16-3785,2q,4,2,122728855,144570088,0.85,TETRAPLOID
MDL16-3785,3p,4,2,92016116,92016116,1,TETRAPLOID
MDL16-3785,4p,4,2,40731106,40731106,1,TETRAPLOID
MDL16-3785,4q,4,2,138926866,138926866,1,TETRAPLOID
MDL16-3785,7q,4,2,72244486,82077899,0.88,TETRAPLOID
MDL16-3785,8p,4,2,17253704.5,17253704.5,1,TETRAPLOID
MDL16-3785,8q,4,2,93174808.5,100095025.5,0.93,TETRAPLOID
MDL16-3785,9p,4,2,44293996.5,44293996.5,1,TETRAPLOID
MDL16-3785,9q,4,2,78262798.5,93533153.5,0.84,TETRAPLOID
MDL16-3785,10q,4,2,36972927,45924259,0.81,TETRAPLOID
MDL16-3785,11p,4,2,49829111,49829111,1,TETRAPLOID
MDL16-3785,11q,4,2,76056146,82232513,0.92,TETRAPLOID
MDL16-3785,13q,4,2,88920900,91909361,0.97,TETRAPLOID
MDL16-3785,15q,4,2,33332779,33647248,0.99,TETRAPLOID
MDL16-3785,17q,4,2,46915591,57964951.5,0.81,TETRAPLOID
MDL16-3785,18p,4,2,18113652.5,18113652.5,1,TETRAPLOID
MDL16-3785,18q,4,2,58653151.5,61342495.5,0.96,TETRAPLOID
MDL16-3785,19p,4,2,25737527,25737527,1,TETRAPLOID
MDL16-3785,20p,4,2,28149490,28149490,1,TETRAPLOID
MDL16-3785,20q,4,2,30728849,34464879,0.89,TETRAPLOID
MDL16-3785,21q,4,2,32413836,34314928,0.94,TETRAPLOID
MDL16-3785,23p,2,0,57756960.5,57766160.5,1,LOSS BEFORE
MDL16-3785,23q,2,0,80732539.5,93378804.5,0.86,LOSS BEFORE
MDL16-4031,2p,1,0,4207351,4207351,1,HETLOSS
MDL16-4031,3p,1,0,79777900,79777900,1,HETLOSS
MDL16-4031,4q,2,1,139332094,139332094,1,DIPLOID
MDL16-4031,5q,2,1,114670709,115602678,0.99,DIPLOID
MDL16-4031,6p,1,0,214700,214700,1,HETLOSS
MDL16-4031,7p,1,0,45843300,45843300,1,HETLOSS
MDL16-4031,8p,1,0,39662100,44464104.5,0.89,HETLOSS
MDL16-4031,9p,1,0,44441996.5,44441996.5,1,HETLOSS
MDL16-4031,10p,1,0,2946201.5,2946201.5,1,HETLOSS
MDL16-4031,11p,1,0,2097400,2097400,1,HETLOSS
MDL16-4031,11q,3,1,29129240,32455425,0.9,GAIN
MDL16-4031,12p,1,0,30664700,30664700,1,HETLOSS
MDL16-4031,12q,2,1,77904008,80200660,0.97,DIPLOID
MDL16-4031,13q,1,0,90508085,96075565,0.94,HETLOSS
MDL16-4031,14q,2,1,84844543,88329424,0.96,DIPLOID
MDL16-4031,15q,1,0,81888910,82086010,1,HETLOSS
MDL16-4031,16p,1,0,37266311.5,37266311.5,1,HETLOSS
MDL16-4031,18p,2,1,18113652.5,18113652.5,1,DIPLOID
MDL16-4031,18q,2,1,62086347.5,62086347.5,1,DIPLOID
MDL16-4031,19p,1,0,25728682,25728682,1,HETLOSS
MDL16-4031,19q,1,0,31413741,32725701,0.96,HETLOSS
MDL16-4031,20p,1,0,28143774,28143774,1,HETLOSS
MDL16-4031,20q,2,1,28789536,35647537,0.81,DIPLOID
MDL16-4031,22q,1,0,32482899,36771906,0.88,HETLOSS
MDL16-4031,23p,1,0,57730960.5,57730960.5,1,HETLOSS
MDL16-4342,1p,4,2,12642555,12642555,1,TETRAPLOID
MDL16-4342,2q,4,2,146136539,146136539,1,TETRAPLOID
MDL16-4342,3p,4,2,6147316,6147316,1,TETRAPLOID
MDL16-4342,4p,4,2,40731106,40924606,1,TETRAPLOID
MDL16-4342,4q,4,2,139330218,139330218,1,TETRAPLOID
MDL16-4342,5q,4,2,112437563,118503605,0.95,TETRAPLOID
MDL16-4342,6q,4,2,96405908,106097741,0.91,TETRAPLOID
MDL16-4342,7q,4,2,81954047,82109747,1,TETRAPLOID
MDL16-4342,8q,4,2,49807270,52596047,0.95,TETRAPLOID
MDL16-4342,9p,4,2,44441996.5,44441996.5,1,TETRAPLOID
MDL16-4342,9q,4,2,91997588.5,92313488.5,1,TETRAPLOID
MDL16-4342,10q,4,2,78029331,87479713,0.89,TETRAPLOID
MDL16-4342,11q,4,2,51823568,61116241,0.85,TETRAPLOID
MDL16-4342,12q,4,2,77284621,79246821,0.98,TETRAPLOID
MDL16-4342,13q,4,2,94758235,94758235,1,TETRAPLOID
MDL16-4342,14q,4,2,39318666,42201116,0.93,TETRAPLOID
MDL16-4342,15q,4,2,1900948,1901332,1,TETRAPLOID
MDL16-4342,17p,4,2,21185122,24639473.5,0.86,TETRAPLOID
MDL16-4342,17q,4,2,53053885,56218624.5,0.94,TETRAPLOID
MDL16-4342,18p,4,2,7671253.5,7671253.5,1,TETRAPLOID
MDL16-4342,18q,4,2,52066612.5,62079612.5,0.84,TETRAPLOID
MDL16-4342,19p,4,2,25547427,25712438,0.99,TETRAPLOID
MDL16-4342,19q,4,2,29164181,32698131,0.89,TETRAPLOID
MDL16-4342,20p,4,2,28149490,28149490,1,TETRAPLOID
MDL16-4342,20q,4,2,35111910,36085989,0.97,TETRAPLOID
MDL16-4342,21q,4,2,34775101,34775101,1,TETRAPLOID
MDL16-4342,22q,4,2,31981980,35225886,0.91,TETRAPLOID
MDL16-4342,23q,2,0,86728039.5,95023336.5,0.91,LOSS BEFORE
MDL16-4473,2q,4,2,137458524,143523966,0.96,TETRAPLOID
MDL16-4473,3p,4,2,37328616,37328616,1,TETRAPLOID
MDL16-4473,4p,1,0,9099900,9277900,0.98,LOSS BEFORE & AFTER
MDL16-4473,4q,4,2,118715370,120775214,0.98,TETRAPLOID
MDL16-4473,5p,0,0,40100,40100,1,HOMDEL
MDL16-4473,5q,4,2,110459398,110837341,1,TETRAPLOID
MDL16-4473,6p,4,2,59085811,59085811,1,TETRAPLOID
MDL16-4473,6q,4,2,100423364,111187237,0.9,TETRAPLOID
MDL16-4473,8p,4,2,17253704.5,17253704.5,1,TETRAPLOID
MDL16-4473,8q,4,2,97285309.5,99980386.5,0.97,TETRAPLOID
MDL16-4473,9p,4,2,44281996.5,44281996.5,1,TETRAPLOID
MDL16-4473,9q,4,2,78914903.5,92528109.5,0.85,TETRAPLOID
MDL16-4473,12p,4,2,29661429.5,29661429.5,1,TETRAPLOID
MDL16-4473,13q,4,2,88928158,95328293,0.93,TETRAPLOID
MDL16-4473,14q,4,0,39333600,43130921,0.91,CNLOH BEFORE
MDL16-4473,15q,3,1,69274700,82080800,0.84,LOSS AFTER
MDL16-4473,16p,4,2,29562269,33893369,0.87,TETRAPLOID
MDL16-4473,17q,4,2,54082736,58326905.5,0.93,TETRAPLOID
MDL16-4473,18p,4,2,18113652.5,18113652.5,1,TETRAPLOID
MDL16-4473,18q,4,2,62086347.5,62086347.5,1,TETRAPLOID
MDL16-4473,19q,4,2,28144038,32719020,0.86,TETRAPLOID
MDL16-4473,20p,4,2,26617490,26650590,1,TETRAPLOID
MDL16-4473,23p,3,1,60224960.5,60224960.5,1,LOSS AFTER
MDL16-4671,1p,4,2,95543462.5,99848250.5,0.96,TETRAPLOID
MDL16-4671,4p,0,0,158400,158400,1,HOMDEL
MDL16-4671,4q,6,3,83369772,87171672,0.96,AMP (BALANCED)
MDL16-4671,6p,4,2,32941211,32941211,1,TETRAPLOID
MDL16-4671,9p,3,0,7872196.5,7872196.5,1,CNLOH BEFORE & LOSS
MDL16-4671,10q,6,3,40331992,43649485,0.92,AMP (BALANCED)
MDL16-4671,11p,6,3,35030211,35030211,1,AMP (BALANCED)
MDL16-4671,11q,6,3,70226202,82233833,0.85,AMP (BALANCED)
MDL16-4671,12q,5,2,25851662,30654684,0.84,GAIN
MDL16-4671,14q,6,0,41339300,43995807,0.94,AMP (LOH)
MDL16-4671,15q,5,2,7423300,7423300,1,GAIN
MDL16-4671,16p,3,1,25085387,29276248,0.86,LOSS AFTER
MDL16-4671,17p,4,2,20620699,24641759.5,0.84,TETRAPLOID
MDL16-4671,18p,3,1,4236200,4236200,1,LOSS AFTER
MDL16-4671,19p,3,1,24886234,25730834,0.97,LOSS AFTER
MDL16-4671,21q,5,2,30541256,32399114,0.94,GAIN
MDL16-4671,23q,3,1,67517679,67517679,1,LOSS AFTER
MDL16-4853,1p,2,1,19927876.5,20731876.5,0.96,DIPLOID
MDL16-4853,3p,5,0,2741316,2741316,1,AMP (LOH)
MDL16-4853,4p,1,0,9099900,9277900,0.98,HETLOSS
MDL16-4853,6p,1,0,98500,98500,1,HETLOSS
MDL16-4853,8p,4,2,14243404.5,14243404.5,1,TETRAPLOID
MDL16-4853,8q,4,2,87967693.5,100070269.5,0.88,TETRAPLOID
MDL16-4853,9q,2,1,68609654,75310225,0.91,DIPLOID
MDL16-4853,10q,2,1,57020192,61519772,0.93,DIPLOID
MDL16-4853,12q,4,2,60935004,61653637,0.99,TETRAPLOID
MDL16-4853,13q,3,1,88742600,94852735,0.94,GAIN
MDL16-4853,16q,4,2,43587347,43743297,1,TETRAPLOID
MDL16-4853,17p,2,1,19980398,24547375.5,0.81,DIPLOID
MDL16-4853,18p,4,0,18113652.5,18113652.5,1,CNLOH & GAIN
MDL16-4853,19p,2,1,18960481,23434700,0.81,DIPLOID
MDL16-4853,19q,4,2,24215901,28199673,0.86,TETRAPLOID
MDL16-4853,20p,5,0,23663152,28076416,0.84,AMP (LOH)
MDL16-4853,23p,4,0,59043560.5,59043560.5,1,CNLOH & GAIN
MDL16-5150,1p,4,2,65118400,74067191.5,0.88,TETRAPLOID
MDL16-5150,2p,3,0,6296951,6789151,0.93,CNLOH BEFORE & LOSS
MDL16-5150,3p,4,2,13525316,13727716,0.99,TETRAPLOID
MDL16-5150,4p,4,2,40731106,40731106,1,TETRAPLOID
MDL16-5150,4q,4,2,114526094,134882294,0.85,TETRAPLOID
MDL16-5150,5q,3,0,93537074,106869212,0.88,CNLOH BEFORE & LOSS
MDL16-5150,6p,2,0,1585511,1585511,1,LOSS BEFORE
MDL16-5150,6q,2,0,89498498,109980627,0.81,LOSS BEFORE
MDL16-5150,7p,1,0,597200,597200,1,LOSS BEFORE & AFTER
MDL16-5150,8q,4,2,66443301,72761804,0.91,TETRAPLOID
MDL16-5150,9p,2,1,5365496.5,5365496.5,1,DOUBLE LOSS AFTER
MDL16-5150,10q,3,0,36520700,41104776,0.89,CNLOH BEFORE & LOSS
MDL16-5150,11p,1,0,2262500,2262500,1,LOSS BEFORE & AFTER
MDL16-5150,13q,3,0,94762135,96149235,0.99,CNLOH BEFORE & LOSS
MDL16-5150,15q,3,1,26042793,27268693,0.96,LOSS AFTER
MDL16-5150,18p,5,0,12200952.5,12200952.5,1,CNLOH BEFORE & GAIN
MDL16-5150,18q,4,2,59124019,61923256.5,0.95,TETRAPLOID
MDL16-5150,21q,4,2,25266405,30733412,0.82,TETRAPLOID
MDL16-5150,22q,2,1,29274475,34937917,0.84,DOUBLE LOSS AFTER
MDL16-5150,23p,2,0,60224960.5,60224960.5,1,LOSS BEFORE
MDL16-5150,23q,2,0,89032974.5,95517722.5,0.93,LOSS BEFORE
MDL16-5262,1p,6,3,76796089,76796089,1,AMP (BALANCED)
MDL16-5262,4p,4,2,40742106,40742106,1,TETRAPLOID
MDL16-5262,4q,4,2,135462894,139332138,0.97,TETRAPLOID
MDL16-5262,5q,3,0,131678881,131678881,1,CNLOH BEFORE & LOSS
MDL16-5262,6p,3,0,48006211,48006211,1,CNLOH BEFORE & LOSS
MDL16-5262,6q,3,0,103733766,111344377,0.93,CNLOH BEFORE & LOSS
MDL16-5262,7p,4,2,32061436.5,32061436.5,1,TETRAPLOID
MDL16-5262,8q,4,2,37050837,43192402,0.86,TETRAPLOID
MDL16-5262,9p,3,0,44441996.5,44441996.5,1,CNLOH BEFORE & LOSS
MDL16-5262,9q,3,0,86182970.5,93755502.5,0.92,CNLOH BEFORE & LOSS
MDL16-5262,10q,3,0,81988707,83507762,0.98,CNLOH BEFORE & LOSS
MDL16-5262,11p,3,0,49411911,49411911,1,CNLOH BEFORE & LOSS
MDL16-5262,12p,4,2,35965129.5,35965129.5,1,TETRAPLOID
MDL16-5262,12q,4,2,97244297.5,97244297.5,1,TETRAPLOID
MDL16-5262,13q,6,3,89714700,91658659,0.98,AMP (BALANCED)
MDL16-5262,14q,3,0,84501304,87633970,0.96,CNLOH BEFORE & LOSS
MDL16-5262,16p,4,2,26049587,29687016,0.88,TETRAPLOID
MDL16-5262,18q,4,2,61325849.5,61325849.5,1,TETRAPLOID
MDL16-5262,19p,3,0,20978627,25736319,0.82,CNLOH BEFORE & LOSS
MDL16-5262,20p,4,2,23515931,28147498,0.84,TETRAPLOID
MDL16-5262,21q,3,0,31797969,34317202,0.93,CNLOH BEFORE & LOSS
MDL16-5262,23p,1,0,57756660.5,57756660.5,1,LOSS BEFORE & AFTER
MDL16-5262,23q,1,0,95036239.5,95036239.5,1,LOSS BEFORE & AFTER
MDL17-137,1p,6,3,85465066,95095759.5,0.9,AMP (BALANCED)
MDL17-137,3p,6,1,5266916,5266916,1,AMP
MDL17-137,4p,5,1,9713606,9872006,0.98,LOSS & GAIN
MDL17-137,6q,6,2,97866934,108759781,0.9,AMP
MDL17-137,9p,6,3,37864596.5,37864596.5,1,AMP (BALANCED)
MDL17-137,9q,6,3,78096631.5,93651879.5,0.83,AMP (BALANCED)
MDL17-137,10q,6,3,74935684,82807532,0.9,AMP (BALANCED)
MDL17-137,11p,1,0,2549300,2549300,1,LOSS BEFORE & AFTER
MDL17-137,13q,4,1,90903450,94761303,0.96,CNLOH AFTER
MDL17-137,14q,6,0,39333400,42158525,0.93,AMP (LOH)
MDL17-137,16p,6,0,26244715,30984295.5,0.85,AMP (LOH)
MDL17-137,18p,6,3,18113360.5,18113360.5,1,AMP (BALANCED)
MDL17-137,20p,6,3,27979690,27979690,1,AMP (BALANCED)
MDL17-137,23p,2,0,60224960.5,60224960.5,1,LOSS BEFORE
MDL17-137,23q,2,0,93828964.5,93828964.5,1,LOSS BEFORE
MDL17-1665,1p,5,0,97486289,100514582.5,0.97,CNLOH BEFORE & GAIN
MDL17-1665,2p,1,0,4253551,4253551,1,LOSS BEFORE & AFTER
MDL17-1665,3p,5,0,5250816,5250816,1,CNLOH BEFORE & GAIN
MDL17-1665,6p,3,1,1253011,1253011,1,LOSS AFTER
MDL17-1665,9p,3,0,44281996.5,44281996.5,1,CNLOH BEFORE & LOSS
MDL17-1665,11p,1,0,241000,241000,1,LOSS BEFORE & AFTER
MDL17-1665,12p,4,2,26434629.5,26734829.5,0.99,TETRAPLOID
MDL17-1665,13q,5,0,93442896,93780519,1,CNLOH BEFORE & GAIN
MDL17-1665,14q,4,2,39333400,41268730,0.95,TETRAPLOID
MDL17-1665,16p,3,0,25697369,31393569,0.82,CNLOH BEFORE & LOSS
MDL17-1665,18p,2,0,14701200,14701200,1,LOSS BEFORE
MDL17-1665,20p,4,2,28149490,28149490,1,TETRAPLOID
MDL17-1665,23p,1,0,57756260.5,57756260.5,1,LOSS BEFORE & AFTER
MDL17-1665,23q,1,0,93002459.5,93149513.5,1,LOSS BEFORE & AFTER
MDL17-1897,2p,1,0,4745751,4745751,1,HETLOSS
MDL17-1897,2q,2,1,128268305,145661938,0.88,DIPLOID
MDL17-1897,3q,2,1,97410496,104731851,0.93,DIPLOID
MDL17-1897,4q,2,1,129264490,134142122,0.96,DIPLOID
MDL17-1897,5p,1,0,3955200,3955200,1,HETLOSS
MDL17-1897,5q,2,1,103039045,110973980,0.93,DIPLOID
MDL17-1897,6p,2,1,27106111,27194611,1,DIPLOID
MDL17-1897,6q,2,1,111446724,111446724,1,DIPLOID
MDL17-1897,7p,1,0,11370436.5,11370436.5,1,HETLOSS
MDL17-1897,8q,2,1,96237947.5,99573498.5,0.97,DIPLOID
MDL17-1897,9p,1,0,8226996.5,8226996.5,1,HETLOSS
MDL17-1897,10p,1,0,3110000,3110000,1,HETLOSS
MDL17-1897,11p,1,0,13836911,14286411,0.97,HETLOSS
MDL17-1897,11q,2,1,44806949,51498838,0.87,DIPLOID
MDL17-1897,12p,1,0,277100,277100,1,HETLOSS
MDL17-1897,13q,2,1,91749436,95986159,0.96,DIPLOID
MDL17-1897,16q,2,1,40129559,43378269,0.93,DIPLOID
MDL17-1897,17p,2,1,19614664,23454299.5,0.84,DIPLOID
MDL17-1897,17q,2,1,47039842,55920785.5,0.84,DIPLOID
MDL17-1897,18p,2,1,18113652.5,18113652.5,1,DIPLOID
MDL17-1897,18q,2,1,62086347.5,62086347.5,1,DIPLOID
MDL17-1897,19p,1,0,22279347,25724120,0.87,HETLOSS
MDL17-1897,19q,2,1,27580548,32640665,0.84,DIPLOID
MDL17-1897,20p,2,1,26015700,28139069,0.92,DIPLOID
MDL17-1897,23p,1,0,59702960.5,60040560.5,0.99,HETLOSS
MDL17-1897,23q,1,0,95044777.5,95481902.5,1,HETLOSS
MDL17-2054,3p,6,0,37424116,37424116,1,AMP (LOH)
MDL17-2054,4p,6,0,40731106,40731106,1,AMP (LOH)
MDL17-2054,4q,6,0,132533331,139330374,0.95,AMP (LOH)
MDL17-2054,6p,6,0,14880511,14880511,1,AMP (LOH)
MDL17-2054,6q,6,0,100612616,110495625,0.91,AMP (LOH)
MDL17-2054,8q,7,1,82411900,92759849,0.89,AMP
MDL17-2054,11p,1,0,450500,450500,1,LOSS BEFORE & AFTER
MDL17-2054,15q,5,1,36443600,39673014,0.92,LOSS & GAIN
MDL17-2054,16p,5,2,25692169,31166669,0.82,GAIN
MDL17-2054,18p,5,0,18113652.5,18113652.5,1,CNLOH BEFORE & GAIN
MDL17-2054,18q,5,0,62086347.5,62086347.5,1,CNLOH BEFORE & GAIN
MDL17-2054,19p,4,2,20054259,24434259,0.82,TETRAPLOID
MDL17-2054,20p,5,0,28141628,28141628,1,CNLOH BEFORE & GAIN
MDL17-2054,23p,6,1,5056560.5,5056560.5,1,AMP
MDL17-2071,1p,2,1,105385189.5,123458989.5,0.85,DIPLOID
MDL17-2071,1q,2,1,124215898.5,125073547.5,0.99,DIPLOID
MDL17-2071,2p,1,0,4253551,4253551,1,HETLOSS
MDL17-2071,2q,2,1,131650527,147877390,0.89,DIPLOID
MDL17-2071,3p,2,1,92016116,92016116,1,DIPLOID
MDL17-2071,3q,2,1,104911092,105395198,1,DIPLOID
MDL17-2071,4p,2,1,41344806,50603106,0.82,DIPLOID
MDL17-2071,4q,2,1,135738041,139330338,0.97,DIPLOID
MDL17-2071,5p,2,1,48132553.5,48132553.5,1,DIPLOID
MDL17-2071,5q,2,1,125703678.5,130739362.5,0.96,DIPLOID
MDL17-2071,6p,2,1,59039111,59039111,1,DIPLOID
MDL17-2071,6q,2,1,108805397,111419825,0.98,DIPLOID
MDL17-2071,7p,2,1,59829136.5,59829136.5,1,DIPLOID
MDL17-2071,7q,2,1,80688632.5,99103387.5,0.81,DIPLOID
MDL17-2071,8q,2,1,100033197.5,100033197.5,1,DIPLOID
MDL17-2071,9p,2,1,44441996.5,44441996.5,1,DIPLOID
MDL17-2071,9q,2,1,93750515.5,93750515.5,1,DIPLOID
MDL17-2071,10q,2,1,81313403,85101186,0.96,DIPLOID
MDL17-2071,11p,2,1,49530011,52618211,0.94,DIPLOID
MDL17-2071,11q,2,1,82068195,82231463,1,DIPLOID
MDL17-2071,12p,2,1,35965129.5,35965129.5,1,DIPLOID
MDL17-2071,12q,2,1,97245050.5,97245050.5,1,DIPLOID
MDL17-2071,13q,2,1,96107924,96151191,1,DIPLOID
MDL17-2071,14q,2,1,85329176,88524691,0.96,DIPLOID
MDL17-2071,15q,2,1,80109500,81633700,0.98,DIPLOID
MDL17-2071,16p,2,1,32299771,33465971,0.97,DIPLOID
MDL17-2071,16q,2,1,43737613,43825613,1,DIPLOID
MDL17-2071,17p,2,1,20558568,24483211.5,0.84,DIPLOID
MDL17-2071,17q,2,1,51866855,57003177.5,0.91,DIPLOID
MDL17-2071,18p,2,0,18113652.5,18113652.5,1,CNLOH
MDL17-2071,18q,2,1,57831106,62085453.5,0.93,DIPLOID
MDL17-2071,19p,2,1,25161036,25732394,0.98,DIPLOID
MDL17-2071,19q,2,1,27425440,32626974,0.84,DIPLOID
MDL17-2071,20p,2,1,18187162,18187162,1,DIPLOID
MDL17-2071,20q,2,1,33985789,35462273,0.96,DIPLOID
MDL17-2071,21q,2,1,33729245,34018904,0.99,DIPLOID
MDL17-2071,22q,2,1,32683574,36199586,0.9,DIPLOID
MDL17-2071,23p,2,1,60122660.5,60200260.5,1,DIPLOID
MDL17-2071,23q,2,1,94497338.5,95515314.5,0.99,DIPLOID
MDL17-2084,1p,2,1,96369908,117053942.5,0.82,DIPLOID
MDL17-2084,2p,1,0,7992151,7992151,1,HETLOSS
MDL17-2084,2q,2,1,133337417,147943698,0.9,DIPLOID
MDL17-2084,3p,2,1,92016116,92016116,1,DIPLOID
MDL17-2084,4p,2,1,40742406,50638406,0.8,DIPLOID
MDL17-2084,4q,2,1,115549015,136875261,0.84,DIPLOID
MDL17-2084,5p,2,1,45523353.5,48132153.5,0.95,DIPLOID
MDL17-2084,5q,2,1,130859798.5,131974498.5,0.99,DIPLOID
MDL17-2084,6p,2,1,59085811,59085811,1,DIPLOID
MDL17-2084,6q,2,1,111447032,111447032,1,DIPLOID
MDL17-2084,7p,1,0,21866036.5,21866036.5,1,HETLOSS
MDL17-2084,8p,2,1,44742004.5,44742004.5,1,DIPLOID
MDL17-2084,8q,2,1,96399495.5,99646450.5,0.97,DIPLOID
MDL17-2084,9p,2,1,44441996.5,44441996.5,1,DIPLOID
MDL17-2084,9q,2,1,80473717.5,93669299.5,0.86,DIPLOID
MDL17-2084,10q,2,1,27943292,30071892,0.93,DIPLOID
MDL17-2084,11p,2,1,49522811,52611511,0.94,DIPLOID
MDL17-2084,11q,2,1,75422270,82000040,0.92,DIPLOID
MDL17-2084,12p,1,0,223200,223200,1,HETLOSS
MDL17-2084,12q,2,1,78705415,81138583,0.97,DIPLOID
MDL17-2084,13q,2,1,83185500,95657843,0.87,DIPLOID
MDL17-2084,15q,2,1,71131900,82086200,0.87,DIPLOID
MDL17-2084,16q,2,1,39966433,43707649,0.91,DIPLOID
MDL17-2084,17p,2,1,21146075,24565449.5,0.86,DIPLOID
MDL17-2084,17q,2,1,50832915,57297202.5,0.89,DIPLOID
MDL17-2084,18p,2,1,18113652.5,18113652.5,1,DIPLOID
MDL17-2084,18q,2,1,62086347.5,62086347.5,1,DIPLOID
MDL17-2084,19p,2,1,22156762,25686869,0.86,DIPLOID
MDL17-2084,20p,2,1,23663152,28076416,0.84,DIPLOID
MDL17-2084,22q,2,1,32081594,36752827,0.87,DIPLOID
MDL17-2084,23p,1,0,60217760.5,60217760.5,1,HETLOSS
MDL17-2084,23q,1,0,95289795.5,95289795.5,1,HETLOSS
MDL17-2385,1p,4,2,88268881,97521731,0.91,TETRAPLOID
MDL17-2385,2q,3,0,126137549,144957372,0.87,CNLOH BEFORE & LOSS
MDL17-2385,3q,3,0,95498057,97252501,0.98,CNLOH BEFORE & LOSS
MDL17-2385,4p,3,0,40731106,40731106,1,CNLOH BEFORE & LOSS
MDL17-2385,4q,3,0,139331573,139331573,1,CNLOH BEFORE & LOSS
MDL17-2385,5q,2,0,109968128,110649781,0.99,LOSS BEFORE
MDL17-2385,8p,5,2,7015504.5,7015504.5,1,GAIN
MDL17-2385,8q,5,2,81467887.5,99442996.5,0.82,GAIN
MDL17-2385,9q,2,0,62315886,69742936,0.89,LOSS BEFORE
MDL17-2385,10q,3,0,71393384,78808716,0.91,CNLOH BEFORE & LOSS
MDL17-2385,12p,2,0,7428029.5,7428029.5,1,LOSS BEFORE
MDL17-2385,12q,2,0,88956770.5,96472301.5,0.92,LOSS BEFORE
MDL17-2385,13q,2,0,63381000,64589100,0.98,LOSS BEFORE
MDL17-2385,15q,2,1,68997786,82084824,0.84,DOUBLE LOSS AFTER
MDL17-2385,17p,3,0,19695585,23836908.5,0.83,CNLOH BEFORE & LOSS
MDL17-2385,18p,3,0,18113652.5,18113652.5,1,CNLOH BEFORE & LOSS
MDL17-2385,20p,4,0,28149490,28149490,1,CNLOH BEFORE
MDL17-2385,20q,4,0,30541782,34561233,0.88,CNLOH BEFORE
MDL17-2385,22q,2,0,36694920,36782059,1,LOSS BEFORE
MDL17-2385,23p,2,0,60224960.5,60224960.5,1,LOSS BEFORE
MDL17-2416,2p,5,2,5959451,5959451,1,GAIN
MDL17-2416,4p,0,0,148800,148800,1,HOMDEL
MDL17-2416,5q,4,2,92734242,109695832,0.85,TETRAPLOID
MDL17-2416,7q,4,2,49191981,59213871,0.83,TETRAPLOID
MDL17-2416,8p,1,0,216100,216100,1,LOSS BEFORE & AFTER
MDL17-2416,8q,5,2,54797797,64666045,0.85,GAIN
MDL17-2416,9p,3,0,44441996.5,44441996.5,1,CNLOH BEFORE & LOSS
MDL17-2416,9q,3,0,83354011.5,92436951.5,0.9,CNLOH BEFORE & LOSS
MDL17-2416,10q,5,2,28614201,33115601,0.86,GAIN
MDL17-2416,11q,5,2,62679777,68564140,0.91,GAIN
MDL17-2416,12p,5,2,19371629.5,19378629.5,1,GAIN
MDL17-2416,13q,3,1,84517658,96085058,0.88,LOSS AFTER
MDL17-2416,14q,4,2,87982755,88227990,1,TETRAPLOID
MDL17-2416,16p,3,0,35531600,37097561.5,0.96,CNLOH BEFORE & LOSS
MDL17-2416,17p,3,1,21153800,24577262.5,0.86,LOSS AFTER
MDL17-2416,18p,3,0,18113652.5,18113652.5,1,CNLOH BEFORE & LOSS
MDL17-2416,18q,3,0,62086347.5,62086347.5,1,CNLOH BEFORE & LOSS
MDL17-2416,20p,6,0,23660200,28075517,0.84,AMP (LOH)
MDL17-2416,20q,4,2,34683174,35747395,0.97,TETRAPLOID
MDL17-2416,21q,5,2,33887376,34787848,0.97,GAIN
MDL17-2416,23p,2,0,51479760.5,57755160.5,0.89,LOSS BEFORE
MDL17-2416,23q,2,0,93152893.5,93267273.5,1,LOSS BEFORE
MDL17-2508,1p,3,1,88957600,97652193,0.91,LOSS AFTER
MDL17-2508,2p,1,0,2755600,2755600,1,LOSS BEFORE & AFTER
MDL17-2508,3p,6,0,33350216,33350216,1,AMP (LOH)
MDL17-2508,4p,0,0,34600,34600,1,HOMDEL
MDL17-2508,4q,3,0,118343333,133113025,0.89,CNLOH BEFORE & LOSS
MDL17-2508,6p,3,0,59085811,59085811,1,CNLOH BEFORE & LOSS
MDL17-2508,8p,4,2,3059004.5,3059004.5,1,TETRAPLOID
MDL17-2508,9p,2,0,44441996.5,44441996.5,1,LOSS BEFORE
MDL17-2508,9q,2,0,84820365.5,91968899.5,0.92,LOSS BEFORE
MDL17-2508,11p,1,0,3088200,3088200,1,LOSS BEFORE & AFTER
MDL17-2508,11q,2,0,29115457,29523933,0.99,LOSS BEFORE
MDL17-2508,12p,3,0,6193929.5,6193929.5,1,CNLOH BEFORE & LOSS
MDL17-2508,12q,3,0,90167976.5,97010912.5,0.93,CNLOH BEFORE & LOSS
MDL17-2508,14q,3,1,84073900,87645109,0.96,LOSS AFTER
MDL17-2508,15q,2,0,19293900,21542300,0.9,LOSS BEFORE
MDL17-2508,16q,3,0,50356286.5,52933207.5,0.95,CNLOH BEFORE & LOSS
MDL17-2508,18p,3,1,12268952.5,12268952.5,1,LOSS AFTER
MDL17-2508,18q,3,1,62086347.5,62086347.5,1,LOSS AFTER
MDL17-2508,19p,2,0,16340834,16370034,1,LOSS BEFORE
MDL17-2508,19q,2,0,27630912,32099428,0.86,LOSS BEFORE
MDL17-2508,20p,2,0,28149490,28149490,1,LOSS BEFORE
MDL17-2508,23p,1,0,52447000,60140960.5,0.87,LOSS BEFORE & AFTER
MDL17-2508,23q,2,0,95518839.5,95518839.5,1,LOSS BEFORE
MDL17-2917,1p,6,3,18540943,18540943,1,AMP (BALANCED)
MDL17-2917,3p,4,2,38972816,38972816,1,TETRAPLOID
MDL17-2917,4p,6,3,40731106,40731106,1,AMP (BALANCED)
MDL17-2917,4q,6,3,137415713,137415713,1,AMP (BALANCED)
MDL17-2917,5p,6,3,15885353.5,15925453.5,1,AMP (BALANCED)
MDL17-2917,6p,4,2,28305911,28305911,1,TETRAPLOID
MDL17-2917,8p,4,2,21587504.5,21587504.5,1,TETRAPLOID
MDL17-2917,10q,6,0,62912214,66037174,0.95,AMP (LOH)
MDL17-2917,11p,1,0,241800,241800,1,LOSS BEFORE & AFTER
MDL17-2917,13q,4,2,88738700,94758235,0.94,TETRAPLOID
MDL17-2917,15q,5,2,26374577,28097477,0.94,GAIN
MDL17-2917,16p,4,2,34774413.5,34798513.5,1,TETRAPLOID
MDL17-2917,16q,4,2,50297226.5,52679764.5,0.95,TETRAPLOID
MDL17-2917,18p,6,3,18113652.5,18113652.5,1,AMP (BALANCED)
MDL17-2917,18q,6,3,62086347.5,62086347.5,1,AMP (BALANCED)
MDL17-2917,19p,4,2,16562488,20596918,0.8,TETRAPLOID
MDL17-2917,20p,4,2,21628518,24457808,0.88,TETRAPLOID
MDL17-2917,21q,6,3,28006463,32736021,0.86,AMP (BALANCED)
MDL17-2917,23p,2,0,60224960.5,60224960.5,1,LOSS BEFORE
MDL17-2917,23q,2,0,93263227.5,94169944.5,0.99,LOSS BEFORE
MDL17-3055,2p,1,0,4253551,4253551,1,LOSS BEFORE & AFTER
MDL17-3055,4p,3,1,2386206,2579406,0.93,LOSS AFTER
MDL17-3055,4q,3,1,124248694,139332094,0.89,LOSS AFTER
MDL17-3055,6p,2,1,1253011,1253011,1,DOUBLE LOSS AFTER
MDL17-3055,8q,3,1,68162830,71791938,0.95,LOSS AFTER
MDL17-3055,9p,2,0,44441996.5,44441996.5,1,LOSS BEFORE
MDL17-3055,9q,2,0,93702722.5,93702722.5,1,LOSS BEFORE
MDL17-3055,10q,3,1,79445107,79588456,1,LOSS AFTER
MDL17-3055,12p,3,1,35965129.5,35965129.5,1,LOSS AFTER
MDL17-3055,12q,3,1,82345600.5,96761782.5,0.85,LOSS AFTER
MDL17-3055,13q,2,0,89037500,95832700,0.93,LOSS BEFORE
MDL17-3055,14q,2,1,84300422,88527469,0.95,DOUBLE LOSS AFTER
MDL17-3055,15q,3,1,69139100,69139100,1,LOSS AFTER
MDL17-3055,18p,3,1,18113652.5,18113652.5,1,LOSS AFTER
MDL17-3055,18q,3,1,62086347.5,62086347.5,1,LOSS AFTER
MDL17-3055,20p,3,1,16609021,16609021,1,LOSS AFTER
MDL17-3055,20q,3,1,33235626,36038247,0.92,LOSS AFTER
MDL17-3055,21q,3,0,28497857,34452969,0.83,CNLOH BEFORE & LOSS
MDL17-3055,22q,3,1,33382661,36787586,0.91,LOSS AFTER
MDL17-3055,23p,2,0,60224960.5,60224960.5,1,LOSS BEFORE
MDL17-3392,1p,5,2,43193152,52070662,0.83,GAIN
MDL17-3392,5q,3,1,97812418,110633643,0.88,LOSS AFTER
MDL17-3392,6p,0,0,104000,104000,1,HOMDEL
MDL17-3392,6q,3,1,97027178,104791278,0.93,LOSS AFTER
MDL17-3392,9q,5,0,39885848,48842195,0.82,CNLOH BEFORE & GAIN
MDL17-3392,10q,5,2,30333820,32162863,0.94,GAIN
MDL17-3392,11q,3,1,63165498,63165498,1,LOSS AFTER
MDL17-3392,12p,4,2,24225529.5,24225529.5,1,TETRAPLOID
MDL17-3392,15q,3,1,69013679,69328148,1,LOSS AFTER
MDL17-3392,16q,3,1,51910531.5,52933646.5,0.98,LOSS AFTER
MDL17-3392,18p,4,0,14085000,14085000,1,CNLOH BEFORE
MDL17-3392,20p,6,0,28149490,28149490,1,AMP (LOH)
MDL17-3392,20q,6,0,28885484,35621011,0.81,AMP (LOH)
MDL17-3392,21q,6,0,29896410,32467650,0.92,AMP (LOH)
MDL17-3392,22q,3,1,29298848,36298529,0.81,LOSS AFTER
MDL17-3392,23p,1,0,54811900,57726560.5,0.95,LOSS BEFORE & AFTER
MDL17-3392,23q,2,0,92972539.5,94142842.5,0.99,LOSS BEFORE
MDL17-3439,1p,2,1,74865600,84557391.5,0.89,DIPLOID
MDL17-3439,2p,1,0,6296951,6296951,1,HETLOSS
MDL17-3439,2q,2,1,126513760,147513269,0.86,DIPLOID
MDL17-3439,3p,2,1,92016116,92016116,1,DIPLOID
MDL17-3439,3q,2,1,105939486,105939486,1,DIPLOID
MDL17-3439,4p,2,1,40731106,40915006,1,DIPLOID
MDL17-3439,4q,2,1,135980694,139331294,0.98,DIPLOID
MDL17-3439,5p,1,0,1004400,1004400,1,HETLOSS
MDL17-3439,5q,2,1,77887581,80478313,0.97,DIPLOID
MDL17-3439,6p,1,0,195700,195700,1,HETLOSS
MDL17-3439,6q,2,1,99128966,99128966,1,DIPLOID
MDL17-3439,7p,2,1,15929836.5,15929836.5,1,DIPLOID
MDL17-3439,7q,2,1,80851105.5,97185691.5,0.83,DIPLOID
MDL17-3439,8p,2,1,32781004.5,32781004.5,1,DIPLOID
MDL17-3439,8q,2,1,100093312.5,100093312.5,1,DIPLOID
MDL17-3439,9p,2,1,25395596.5,25395596.5,1,DIPLOID
MDL17-3439,9q,2,1,92197565.5,93335275.5,0.99,DIPLOID
MDL17-3439,10q,2,1,85381839,87451039,0.98,DIPLOID
MDL17-3439,11p,2,1,49522811,52371411,0.95,DIPLOID
MDL17-3439,11q,2,1,78060147,78060147,1,DIPLOID
MDL17-3439,13q,2,1,93504284,93504284,1,DIPLOID
MDL17-3439,14q,2,1,87213947,88524341,0.99,DIPLOID
MDL17-3439,15q,2,1,69065900,69065900,1,DIPLOID
MDL17-3439,16p,2,1,26158169,32243450.5,0.81,DIPLOID
MDL17-3439,17q,2,1,54831877,58395799.5,0.94,DIPLOID
MDL17-3439,18p,2,1,18113652.5,18113652.5,1,DIPLOID
MDL17-3439,19p,2,1,23850257,25273782,0.94,DIPLOID
MDL17-3439,19q,2,1,30399672,32744964,0.93,DIPLOID
MDL17-3439,20p,2,1,23663152,28076416,0.84,DIPLOID
MDL17-3439,20q,2,1,31536401,36085354,0.87,DIPLOID
MDL17-3439,21q,2,1,32592313,34781313,0.94,DIPLOID
MDL17-3439,22q,2,1,34059459,36099560,0.94,DIPLOID
MDL17-3439,23p,2,1,60224960.5,60224960.5,1,DIPLOID
MDL17-3439,23q,2,1,90670639.5,93963539.5,0.96,DIPLOID
MDL17-3683,1p,4,2,65377489,69382689,0.94,TETRAPLOID
MDL17-3683,2p,1,0,487400,487400,1,LOSS BEFORE & AFTER
MDL17-3683,2q,4,2,121021557,142524767,0.85,TETRAPLOID
MDL17-3683,3p,4,2,37328616,37412016,1,TETRAPLOID
MDL17-3683,3q,4,2,88292104,102036727,0.87,TETRAPLOID
MDL17-3683,4p,4,2,40623906,40623906,1,TETRAPLOID
MDL17-3683,4q,4,2,138729612,138729612,1,TETRAPLOID
MDL17-3683,5q,5,2,86173465,106538788,0.81,GAIN
MDL17-3683,6q,2,0,89196900,108014875,0.83,LOSS BEFORE
MDL17-3683,9p,3,1,8243296.5,8243296.5,1,LOSS AFTER
MDL17-3683,11p,1,0,2796800,2796800,1,LOSS BEFORE & AFTER
MDL17-3683,13q,4,2,88742600,93579659,0.95,TETRAPLOID
MDL17-3683,18p,3,0,7610752.5,7610752.5,1,CNLOH BEFORE & LOSS
MDL17-3683,20p,3,1,19666500,24453290,0.8,LOSS AFTER
MDL17-377,1p,2,1,91679949.5,98644249.5,0.93,DIPLOID
MDL17-377,1q,2,1,119086481.5,125411655.5,0.95,DIPLOID
MDL17-377,2p,2,1,22837451,22837451,1,DIPLOID
MDL17-377,2q,2,1,129446288,146858944,0.88,DIPLOID
MDL17-377,3p,2,1,39685816,43809216,0.91,DIPLOID
MDL17-377,4p,1,0,9837100,9906800,0.99,HETLOSS
MDL17-377,4q,2,1,129167428,133035511,0.97,DIPLOID
MDL17-377,5p,2,1,45523353.5,48132153.5,0.95,DIPLOID
MDL17-377,5q,2,1,130709428.5,131691251.5,0.99,DIPLOID
MDL17-377,6q,2,1,105158107,105988681,0.99,DIPLOID
MDL17-377,7p,1,0,22977736.5,22977736.5,1,HETLOSS
MDL17-377,8q,2,1,97726640.5,100097636.5,0.98,DIPLOID
MDL17-377,9q,2,1,33216908,33596801,0.99,DIPLOID
MDL17-377,10q,2,1,61759305,67510416,0.91,DIPLOID
MDL17-377,11p,1,0,3098000,3098000,1,HETLOSS
MDL17-377,11q,2,1,57477612,62951276,0.91,DIPLOID
MDL17-377,12p,2,1,25471429.5,25471429.5,1,DIPLOID
MDL17-377,12q,2,1,96990181.5,97256381.5,1,DIPLOID
MDL17-377,13q,2,1,94484235,96148735,0.98,DIPLOID
MDL17-377,14q,2,1,38223511,43785624,0.87,DIPLOID
MDL17-377,18p,2,1,18113652.5,18113652.5,1,DIPLOID
MDL17-377,18q,2,1,57783591.5,61450878.5,0.94,DIPLOID
MDL17-377,19q,2,1,29746901,32181837,0.92,DIPLOID
MDL17-377,20p,2,1,28149313,28149313,1,DIPLOID
MDL17-377,20q,2,1,33518760,36078909,0.93,DIPLOID
MDL17-377,21q,2,1,30968450,34786100,0.89,DIPLOID
MDL17-377,22q,2,1,31325394,35507041,0.88,DIPLOID
MDL17-377,23p,1,0,60224260.5,60224260.5,1,HETLOSS
MDL17-377,23q,1,0,95287033.5,95287033.5,1,HETLOSS
MDL17-379,1p,3,1,87685422,88022222,1,LOSS AFTER
MDL17-379,3p,4,2,18110416,18110416,1,TETRAPLOID
MDL17-379,4p,0,0,158400,158400,1,HOMDEL
MDL17-379,4q,3,1,71069543,83606442,0.85,LOSS AFTER
MDL17-379,5p,1,0,69100,69100,1,LOSS BEFORE & AFTER
MDL17-379,6p,3,1,28265911,28265911,1,LOSS AFTER
MDL17-379,6q,3,1,107921582,110595877,0.98,LOSS AFTER
MDL17-379,7p,1,0,18500,18500,1,LOSS BEFORE & AFTER
MDL17-379,9p,3,1,5368296.5,5368296.5,1,LOSS AFTER
MDL17-379,9q,3,1,92522371.5,93726812.5,0.99,LOSS AFTER
MDL17-379,10q,3,1,82266196,82356496,1,LOSS AFTER
MDL17-379,11q,6,3,66835800,66835800,1,AMP (BALANCED)
MDL17-379,13q,3,1,92040418,96101413,0.96,LOSS AFTER
MDL17-379,14q,3,1,62128500,66411416,0.94,LOSS AFTER
MDL17-379,15q,3,1,69108810,69108810,1,LOSS AFTER
MDL17-379,16p,6,3,27948704,29106304,0.96,AMP (BALANCED)
MDL17-379,17p,3,1,21187300,24641651.5,0.86,LOSS AFTER
MDL17-379,17q,4,2,47733340,57253845.5,0.83,TETRAPLOID
MDL17-379,18p,2,1,18113652.5,18113652.5,1,DOUBLE LOSS AFTER
MDL17-379,18q,2,1,62086347.5,62086347.5,1,DOUBLE LOSS AFTER
MDL17-379,19p,3,1,25737284,25737284,1,LOSS AFTER
MDL17-379,19q,3,1,27527471,32733750,0.84,LOSS AFTER
MDL17-379,20p,5,2,14652224,17428764,0.84,GAIN
MDL17-379,21q,5,2,32194747,34687789,0.93,GAIN
MDL17-3883,1p,4,0,55361800,62446300,0.89,CNLOH BEFORE
MDL17-3883,1q,4,2,96607708,101242789,0.95,TETRAPLOID
MDL17-3883,2p,0,0,4253551,4253551,1,HOMDEL
MDL17-3883,3p,4,0,38972816,38972816,1,CNLOH BEFORE
MDL17-3883,4p,3,1,40742406,40835606,1,LOSS AFTER
MDL17-3883,4q,3,1,135981794,138039394,0.99,LOSS AFTER
MDL17-3883,5p,4,2,9749353.5,9749353.5,1,TETRAPLOID
MDL17-3883,7p,1,0,5986300,5986300,1,LOSS BEFORE & AFTER
MDL17-3883,8p,3,1,44742004.5,44742004.5,1,LOSS AFTER
MDL17-3883,9p,4,2,44278496.5,44278496.5,1,TETRAPLOID
MDL17-3883,9q,4,2,78914903.5,91998855.5,0.86,TETRAPLOID
MDL17-3883,10q,4,0,30328848,34744634,0.87,CNLOH BEFORE
MDL17-3883,11p,0,0,2855900,2855900,1,HOMDEL
MDL17-3883,13q,3,1,88439000,94458535,0.94,LOSS AFTER
MDL17-3883,15q,3,1,37586900,39450600,0.95,LOSS AFTER
MDL17-3883,18p,3,1,18113652.5,18113652.5,1,LOSS AFTER
MDL17-3883,18q,3,1,62086347.5,62086347.5,1,LOSS AFTER
MDL17-3883,19q,2,1,28537256,32148028,0.89,DOUBLE LOSS AFTER
MDL17-3883,20p,3,1,28149490,28149490,1,LOSS AFTER
MDL17-3883,23q,3,1,89032974.5,94168734.5,0.95,LOSS AFTER
MDL17-5117,1p,2,0,25905591.5,25905591.5,1,LOSS BEFORE
MDL17-5117,3p,5,2,24685816,24891816,0.99,GAIN
MDL17-5117,4p,0,0,58100,58100,1,HOMDEL
MDL17-5117,6p,3,0,1585511,1585511,1,CNLOH BEFORE & LOSS
MDL17-5117,6q,3,0,94181987,110459538,0.85,CNLOH BEFORE & LOSS
MDL17-5117,8p,1,0,11559400,11766200,0.98,LOSS BEFORE & AFTER
MDL17-5117,9p,0,0,228700,228700,1,HOMDEL
MDL17-5117,11p,1,0,438300,438300,1,LOSS BEFORE & AFTER
MDL17-5117,11q,5,2,67718928,69901190,0.97,GAIN
MDL17-5117,13q,5,2,84910264,94679100,0.9,GAIN
MDL17-5117,14q,5,2,26895193,29467354,0.91,GAIN
MDL17-5117,15q,3,1,27727300,27727300,1,LOSS AFTER
MDL17-5117,16p,3,0,23552827,28768660,0.82,CNLOH BEFORE & LOSS
MDL17-5117,16q,5,2,36962370,43381422,0.85,GAIN
MDL17-5117,18p,5,2,14020200,14020200,1,GAIN
MDL17-5117,18q,2,1,54002000,57119100,0.95,DOUBLE LOSS AFTER
MDL17-5117,19p,2,0,13134926,13134926,1,LOSS BEFORE
MDL17-5117,20p,6,1,23357000,28143790,0.83,AMP
MDL17-5117,21q,6,0,27812400,32389400,0.86,AMP (LOH)
MDL17-5117,23q,4,0,88860225,90819225,0.98,CNLOH BEFORE
MDL17-5120,1p,3,1,41783700,52005900,0.8,GAIN
MDL17-5120,1q,6,2,98729395,102463757,0.96,AMP
MDL17-5120,2p,3,0,7508451,7508451,1,CNLOH & GAIN
MDL17-5120,3p,3,0,38971716,38971716,1,CNLOH & GAIN
MDL17-5120,3q,3,0,101052751,105511013,0.96,CNLOH & GAIN
MDL17-5120,4p,4,2,40742106,40781406,1,TETRAPLOID
MDL17-5120,4q,4,2,138920461,138920461,1,TETRAPLOID
MDL17-5120,5p,1,0,40100,40100,1,HETLOSS
MDL17-5120,6q,2,1,91994571,103570806,0.89,DIPLOID
MDL17-5120,10q,4,2,27935405,33003792,0.85,TETRAPLOID
MDL17-5120,11q,3,1,61592598,61592598,1,GAIN
MDL17-5120,12p,0,0,7000,7000,1,HOMDEL
MDL17-5120,12q,4,2,72603295,74846942,0.97,TETRAPLOID
MDL17-5120,13q,2,1,82733942,93402358,0.89,DIPLOID
MDL17-5120,14q,4,2,67386900,69938225,0.96,TETRAPLOID
MDL17-5120,15q,2,1,82087600,82087600,1,DIPLOID
MDL17-5120,16p,4,2,29635001,29635001,1,TETRAPLOID
MDL17-5120,16q,2,1,43265524,43353524,1,DIPLOID
MDL17-5120,18p,2,1,18113652.5,18113652.5,1,DIPLOID
MDL17-5120,18q,2,1,62086347.5,62086347.5,1,DIPLOID
MDL17-5120,19p,2,1,15857646,16861038,0.94,DIPLOID
MDL17-5120,20p,2,1,24564690,24564690,1,DIPLOID
MDL17-5120,21q,3,0,27491377,32740250,0.84,CNLOH & GAIN
MDL17-5120,23p,1,0,60224960.5,60224960.5,1,HETLOSS
MDL17-5335,1p,3,1,61967616.5,74245519.5,0.83,GAIN
MDL17-5335,2p,1,0,6170600,6170600,1,HETLOSS
MDL17-5335,3p,1,0,1328800,1328800,1,HETLOSS
MDL17-5335,4q,3,1,135889844,137851175,0.99,GAIN
MDL17-5335,5p,1,0,2282500,2282500,1,HETLOSS
MDL17-5335,6p,3,1,26088111,26088111,1,GAIN
MDL17-5335,7p,1,0,6656600,6656600,1,HETLOSS
MDL17-5335,8q,6,2,52236700,65105838,0.8,AMP
MDL17-5335,10p,1,0,3111200,3111200,1,HETLOSS
MDL17-5335,11p,1,0,3865600,3865600,1,HETLOSS
MDL17-5335,11q,2,1,44969661,44969661,1,DIPLOID
MDL17-5335,12p,1,0,415300,415300,1,HETLOSS
MDL17-5335,13q,2,1,10402062,12994662,0.8,DIPLOID
MDL17-5335,16p,2,1,27487979,33458280,0.82,DIPLOID
MDL17-5335,17p,2,1,16384427,19807889.5,0.83,DIPLOID
MDL17-5335,18p,2,1,7653679.5,7653679.5,1,DIPLOID
MDL17-5335,18q,2,1,61289190.5,61289190.5,1,DIPLOID
MDL17-5335,22q,2,1,35923361,36660280,0.98,DIPLOID
MDL17-5335,23p,1,0,60123560.5,60123560.5,1,HETLOSS
MDL17-5335,23q,1,0,95512591.5,95512591.5,1,HETLOSS
MDL17-681,1p,4,2,97438389,97438389,1,TETRAPLOID
MDL17-681,2q,4,2,124243104,145269022,0.86,TETRAPLOID
MDL17-681,4p,4,2,40731106,40731106,1,TETRAPLOID
MDL17-681,4q,4,2,135529439,139331639,0.97,TETRAPLOID
MDL17-681,6p,4,2,59039111,59039111,1,TETRAPLOID
MDL17-681,6q,4,2,100556833,110466333,0.91,TETRAPLOID
MDL17-681,8p,4,2,33169204.5,33169204.5,1,TETRAPLOID
MDL17-681,8q,4,2,80477895.5,94327579.5,0.85,TETRAPLOID
MDL17-681,9p,4,2,44293996.5,44293996.5,1,TETRAPLOID
MDL17-681,9q,4,2,85744171.5,93279299.5,0.92,TETRAPLOID
MDL17-681,11p,4,2,35030211,35030211,1,TETRAPLOID
MDL17-681,11q,4,2,67205895,82202216,0.82,TETRAPLOID
MDL17-681,13q,4,2,88669700,94689235,0.94,TETRAPLOID
MDL17-681,14q,4,2,36309500,43300560,0.84,TETRAPLOID
MDL17-681,15q,4,2,66986867,69488026,0.96,TETRAPLOID
MDL17-681,18p,4,2,18113652.5,18113652.5,1,TETRAPLOID
MDL17-681,18q,4,2,62086347.5,62086347.5,1,TETRAPLOID
MDL17-681,19p,4,0,25737527,25737527,1,CNLOH BEFORE
MDL17-681,20p,4,0,28146907,28146907,1,CNLOH BEFORE
MDL17-681,23p,4,2,3945060.5,3945060.5,1,TETRAPLOID
MDL17-682,4p,0,0,193500,193500,1,HOMDEL
MDL17-682,4q,4,2,98595500,101237014,0.97,TETRAPLOID
MDL17-682,8p,4,2,37095104.5,37095104.5,1,TETRAPLOID
MDL17-682,8q,4,2,87943416.5,100098323.5,0.88,TETRAPLOID
MDL17-682,9p,3,1,5368296.5,5368296.5,1,LOSS AFTER
MDL17-682,9q,3,1,79440686.5,93407666.5,0.85,LOSS AFTER
MDL17-682,13q,3,1,13028437,13336796,0.98,LOSS AFTER
MDL17-682,15q,3,1,1810900,1810900,1,LOSS AFTER
MDL17-682,16p,3,1,27569357,31583657,0.87,LOSS AFTER
MDL17-682,16q,3,1,41271166,43392274,0.95,LOSS AFTER
MDL17-682,17p,3,1,20347331,24629452.5,0.83,LOSS AFTER
MDL17-682,18p,4,2,18113652.5,18113652.5,1,TETRAPLOID
MDL17-682,18q,4,2,62086347.5,62086347.5,1,TETRAPLOID
MDL17-682,19p,2,1,22895319,25416089,0.9,DOUBLE LOSS AFTER
MDL17-682,23q,4,2,44870324,55189537,0.81,TETRAPLOID
MDL17-911,1p,2,1,120184600,121433600,0.99,DIPLOID
MDL17-911,3p,2,1,92016116,92016116,1,DIPLOID
MDL17-911,3q,2,1,105963097,105963097,1,DIPLOID
MDL17-911,4p,2,1,41344806,41474906,1,DIPLOID
MDL17-911,4q,2,1,135904584,139256884,0.98,DIPLOID
MDL17-911,5p,2,1,48132553.5,48132553.5,1,DIPLOID
MDL17-911,5q,2,1,111914010.5,132757932.5,0.84,DIPLOID
MDL17-911,6p,2,1,59085711,59085711,1,DIPLOID
MDL17-911,6q,2,1,104499734,111446169,0.94,DIPLOID
MDL17-911,7p,3,0,37975436.5,37975436.5,1,CNLOH & GAIN
MDL17-911,8q,4,0,50635234,52593534,0.96,CNLOH & GAIN
MDL17-911,9q,2,1,87010703.5,93737909.5,0.93,DIPLOID
MDL17-911,10q,2,0,26938468,32909726,0.82,CNLOH
MDL17-911,11q,2,1,69470168,72796353,0.95,DIPLOID
MDL17-911,12p,0,0,7000,7000,1,HOMDEL
MDL17-911,12q,3,0,32814500,32814500,1,CNLOH & GAIN
MDL17-911,13q,2,0,96153000,96153000,1,CNLOH
MDL17-911,15q,2,1,68970479,69284948,1,DIPLOID
MDL17-911,16p,2,0,28812600,32244100,0.89,CNLOH
MDL17-911,16q,2,0,43746800,43834800,1,CNLOH
MDL17-911,18p,2,0,18113652.5,18113652.5,1,CNLOH
MDL17-911,19p,2,0,19451249,24217610,0.8,CNLOH
MDL17-911,20p,2,0,28149490,28149490,1,CNLOH
MDL17-911,20q,2,0,35308882,36073803,0.98,CNLOH
MDL17-911,23p,1,0,57756360.5,57756360.5,1,HETLOSS
MDL17-911,23q,1,0,95517206.5,95517206.5,1,HETLOSS
MDL18-1257,2p,1,0,4253551,4253551,1,HETLOSS
MDL18-1257,2q,2,1,143589048,148051009,0.97,DIPLOID
MDL18-1257,3p,1,0,28389800,34691316,0.82,HETLOSS
MDL18-1257,4p,2,1,40742106,50602806,0.81,DIPLOID
MDL18-1257,4q,2,1,135522294,139310794,0.97,DIPLOID
MDL18-1257,5p,1,0,2608500,2608500,1,HETLOSS
MDL18-1257,5q,2,1,76454406,81139985,0.94,DIPLOID
MDL18-1257,6p,1,0,300600,300600,1,HETLOSS
MDL18-1257,6q,2,1,94591887,105498569,0.9,DIPLOID
MDL18-1257,7p,1,0,22885836.5,22885836.5,1,HETLOSS
MDL18-1257,8q,2,1,83182701,92432576,0.9,DIPLOID
MDL18-1257,9p,2,1,7872196.5,7872196.5,1,DIPLOID
MDL18-1257,9q,2,1,90301462.5,93227762.5,0.97,DIPLOID
MDL18-1257,10q,2,1,38843867,45070253,0.86,DIPLOID
MDL18-1257,11p,1,0,3144100,3144100,1,HETLOSS
MDL18-1257,11q,2,1,51212676,56514189,0.91,DIPLOID
MDL18-1257,13q,2,0,72919815,85645915,0.85,CNLOH
MDL18-1257,16p,2,1,29074476,35043876,0.83,DIPLOID
MDL18-1257,17q,2,1,51798343,57632790.5,0.9,DIPLOID
MDL18-1257,18p,2,1,18113652.5,18113652.5,1,DIPLOID
MDL18-1257,18q,2,1,58947940.5,58947940.5,1,DIPLOID
MDL18-1257,19q,2,1,26353332,32274821,0.82,DIPLOID
MDL18-1257,20p,2,1,24457890,28149290,0.87,DIPLOID
MDL18-1257,20q,2,1,29684558,35935385,0.83,DIPLOID
MDL18-1257,21q,2,1,30881405,34785929,0.89,DIPLOID
MDL18-1257,22q,2,1,34067163,35817585,0.95,DIPLOID
MDL18-1257,23p,1,0,50098200,60222960.5,0.83,HETLOSS
MDL18-1257,23q,2,1,88210163.5,95304025.5,0.93,DIPLOID
MDL18-1935,1p,5,0,11637090,12869218,0.9,CNLOH BEFORE & GAIN
MDL18-1935,3p,4,2,92016116,92016116,1,TETRAPLOID
MDL18-1935,4p,4,2,40731106,40731106,1,TETRAPLOID
MDL18-1935,4q,4,2,135471051,139330301,0.97,TETRAPLOID
MDL18-1935,5p,5,2,13449853.5,13449853.5,1,GAIN
MDL18-1935,8p,5,2,17439604.5,17439604.5,1,GAIN
MDL18-1935,8q,5,2,85891851.5,99970604.5,0.86,GAIN
MDL18-1935,13q,4,2,66142295,74665656,0.89,TETRAPLOID
MDL18-1935,14q,4,2,39333400,42418368,0.93,TETRAPLOID
MDL18-1935,15q,4,2,39481600,39481600,1,TETRAPLOID
MDL18-1935,18p,4,2,7610752.5,7610752.5,1,TETRAPLOID
MDL18-1935,18q,4,2,62086347.5,62086347.5,1,TETRAPLOID
MDL18-1935,19p,4,0,25344327,25728887,0.99,CNLOH BEFORE
MDL18-1935,20p,4,2,24935400,28148990,0.89,TETRAPLOID
MDL18-1935,23p,2,0,60224960.5,60224960.5,1,LOSS BEFORE
MDL18-1935,23q,2,0,80126402.5,93398611.5,0.86,LOSS BEFORE
MDL18-2281,1p,4,2,60386400,71481311,0.84,TETRAPLOID
MDL18-2281,3p,5,2,25751516,25751516,1,GAIN
MDL18-2281,4p,0,0,69700,69700,1,HOMDEL
MDL18-2281,4q,4,2,124565470,128462638,0.97,TETRAPLOID
MDL18-2281,6p,4,2,25766211,25766211,1,TETRAPLOID
MDL18-2281,6q,4,2,98035266,108227864,0.91,TETRAPLOID
MDL18-2281,8q,5,2,72139282,85134895,0.85,GAIN
MDL18-2281,13q,4,2,88920900,94940435,0.94,TETRAPLOID
MDL18-2281,14q,4,2,39498900,43263802,0.91,TETRAPLOID
MDL18-2281,15q,5,2,17134357,20263382,0.85,GAIN
MDL18-2281,16p,5,0,27122477,28947777,0.94,CNLOH BEFORE & GAIN
MDL18-2281,18p,5,0,18113652.5,18113652.5,1,CNLOH BEFORE & GAIN
MDL18-2281,18q,4,2,53647800,62077952.5,0.86,TETRAPLOID
MDL18-2281,23q,3,1,48030324,53698449,0.89,LOSS AFTER
MDL18-2288,2p,5,2,1297051,1297051,1,GAIN
MDL18-2288,2q,5,2,146161999,147713067,0.99,GAIN
MDL18-2288,4p,0,0,71300,71300,1,HOMDEL
MDL18-2288,4q,6,1,91457600,94809657,0.96,AMP
MDL18-2288,6q,3,0,90835434,90835434,1,CNLOH BEFORE & LOSS
MDL18-2288,8p,1,0,1162400,1162400,1,LOSS BEFORE & AFTER
MDL18-2288,8q,5,0,73453215,85443750,0.86,CNLOH BEFORE & GAIN
MDL18-2288,9p,4,0,22459996.5,22503496.5,1,CNLOH BEFORE
MDL18-2288,9q,4,0,81077380.5,93742171.5,0.86,CNLOH BEFORE
MDL18-2288,13q,6,1,69953400,75687900,0.92,AMP
MDL18-2288,14q,6,1,23256500,26081807,0.89,AMP
MDL18-2288,15q,3,0,39723500,39723500,1,CNLOH BEFORE & LOSS
MDL18-2288,16p,4,0,29512400,29512400,1,CNLOH BEFORE
MDL18-2288,16q,5,2,41232500,43695577,0.94,GAIN
MDL18-2288,17p,4,0,21170700,24642121.5,0.86,CNLOH BEFORE
MDL18-2288,18p,3,0,18113652.5,18113652.5,1,CNLOH BEFORE & LOSS
MDL18-2288,18q,3,0,61638394.5,62077820.5,0.99,CNLOH BEFORE & LOSS
MDL18-2288,19p,3,0,17661715,19344305,0.91,CNLOH BEFORE & LOSS
MDL18-2288,19q,4,0,31384544,32575665,0.96,CNLOH BEFORE
MDL18-2288,20p,6,1,28149490,28149490,1,AMP
MDL18-2288,20q,6,1,31762410,35439742,0.9,AMP
MDL18-2288,22q,3,0,36694746,36792527,1,CNLOH BEFORE & LOSS
MDL18-2288,23q,2,0,83445207,83445207,1,LOSS BEFORE
MDL18-2673,1p,2,1,103799189,121553291,0.85,DIPLOID
MDL18-2673,2p,1,0,4253551,4253551,1,HETLOSS
MDL18-2673,3p,1,0,80244100,80244100,1,HETLOSS
MDL18-2673,4p,2,0,40731106,50592106,0.81,CNLOH
MDL18-2673,4q,2,0,116442267,139157618,0.84,CNLOH
MDL18-2673,5q,1,0,89205783,89205783,1,HETLOSS
MDL18-2673,6p,1,0,2315600,2315600,1,HETLOSS
MDL18-2673,6q,1,0,89540463,89540463,1,HETLOSS
MDL18-2673,8p,1,0,44346004.5,44575104.5,0.99,HETLOSS
MDL18-2673,9p,1,0,33405300,33405300,1,HETLOSS
MDL18-2673,9q,1,0,74353014,74353014,1,HETLOSS
MDL18-2673,10q,2,1,71671246,83439733,0.86,DIPLOID
MDL18-2673,11p,1,0,26356811,26356811,1,HETLOSS
MDL18-2673,11q,1,0,70167177,70427459,1,HETLOSS
MDL18-2673,12q,2,0,34135422,34562586,0.99,CNLOH
MDL18-2673,13q,1,0,94051457,96137657,0.98,HETLOSS
MDL18-2673,16p,1,0,31969212,34947744,0.91,HETLOSS
MDL18-2673,17p,1,0,21209372,24632834.5,0.86,HETLOSS
MDL18-2673,18p,1,0,18113652.5,18113652.5,1,HETLOSS
MDL18-2673,18q,1,0,62086347.5,62086347.5,1,HETLOSS
MDL18-2673,19p,1,0,25243429,25723741,0.98,HETLOSS
MDL18-2673,20p,2,1,26617490,26640890,1,DIPLOID
MDL18-2673,21q,2,1,29318052,33436040,0.88,DIPLOID
MDL18-2673,22q,1,0,35626306,36687691,0.97,HETLOSS
MDL18-2673,23p,0,0,60224960.5,60224960.5,1,HOMDEL
MDL18-3105,3p,6,0,6200216,6200216,1,AMP (LOH)
MDL18-3105,4p,6,1,40742106,40781406,1,AMP
MDL18-3105,4q,6,1,120696840,139277394,0.87,AMP
MDL18-3105,5p,1,0,40100,40100,1,LOSS BEFORE & AFTER
MDL18-3105,6q,6,3,87762966,97390096,0.9,AMP (BALANCED)
MDL18-3105,8q,6,0,82277927,92816577,0.89,AMP (LOH)
MDL18-3105,10q,6,3,58289900,65969055,0.88,AMP (BALANCED)
MDL18-3105,12p,0,0,7000,7000,1,HOMDEL
MDL18-3105,12q,4,1,33681068,34283075,0.98,CNLOH AFTER
MDL18-3105,13q,6,1,71990246,78009781,0.92,AMP
MDL18-3105,14q,6,3,12572876,14717624,0.85,AMP (BALANCED)
MDL18-3105,15q,6,3,39723500,39773900,1,AMP (BALANCED)
MDL18-3105,16p,6,3,25980685,29223185,0.89,AMP (BALANCED)
MDL18-3105,18p,6,3,18113652.5,18113652.5,1,AMP (BALANCED)
MDL18-3105,18q,6,3,58663447.5,61567797.5,0.95,AMP (BALANCED)
MDL18-3105,21q,5,1,27770916,34317098,0.81,LOSS & GAIN
MDL18-3105,23q,2,0,75679271,77922579,0.97,LOSS BEFORE
MDL18-337,1p,5,2,89441900,106896009.5,0.84,GAIN
MDL18-337,2p,1,0,6294551,6294551,1,LOSS BEFORE & AFTER
MDL18-337,3p,4,2,92016116,92016116,1,TETRAPLOID
MDL18-337,3q,4,2,102010834,105779754,0.96,TETRAPLOID
MDL18-337,4p,6,3,35665806,35869406,0.99,AMP (BALANCED)
MDL18-337,4q,6,3,135861120,139211720,0.98,AMP (BALANCED)
MDL18-337,5p,1,0,1005100,1005100,1,LOSS BEFORE & AFTER
MDL18-337,5q,6,3,94150313,111286908,0.85,AMP (BALANCED)
MDL18-337,6p,4,2,25773611,25858011,1,TETRAPLOID
MDL18-337,6q,4,2,100755393,110445364,0.91,TETRAPLOID
MDL18-337,7p,1,0,5986300,5986300,1,LOSS BEFORE & AFTER
MDL18-337,8p,5,2,32781004.5,32781004.5,1,GAIN
MDL18-337,9p,6,0,44441996.5,44441996.5,1,AMP (LOH)
MDL18-337,9q,6,0,83001503.5,93632391.5,0.89,AMP (LOH)
MDL18-337,10q,4,2,75535500,87514952,0.86,TETRAPLOID
MDL18-337,11p,1,0,1684000,1925800,0.87,LOSS BEFORE & AFTER
MDL18-337,13q,4,2,90407158,94535767,0.96,TETRAPLOID
MDL18-337,14q,4,2,53374900,58355877,0.91,TETRAPLOID
MDL18-337,16p,4,2,27671482,32362082,0.86,TETRAPLOID
MDL18-337,18p,4,2,7489252.5,7489252.5,1,TETRAPLOID
MDL18-337,18q,5,2,55874166,60129955.5,0.93,GAIN
MDL18-337,20p,4,2,28149490,28149490,1,TETRAPLOID
MDL18-337,20q,4,2,33924310,35874975,0.95,TETRAPLOID
MDL18-337,21q,4,2,32339648,34323248,0.94,TETRAPLOID
MDL18-337,23p,1,0,2987800,2987800,1,LOSS BEFORE & AFTER
MDL18-337,23q,5,0,75423073,77762368,0.97,CNLOH BEFORE & GAIN
MDL18-339,1p,4,2,55510484,55510484,1,TETRAPLOID
MDL18-339,3p,3,1,92016116,92016116,1,LOSS AFTER
MDL18-339,4p,1,0,193500,193500,1,LOSS BEFORE & AFTER
MDL18-339,4q,3,0,73324631,79005552,0.93,CNLOH BEFORE & LOSS
MDL18-339,5p,4,2,14266953.5,14266953.5,1,TETRAPLOID
MDL18-339,10q,3,1,75713547,87512138,0.87,LOSS AFTER
MDL18-339,11p,4,2,49522811,49522811,1,TETRAPLOID
MDL18-339,12p,1,0,235200,235200,1,LOSS BEFORE & AFTER
MDL18-339,15q,3,0,37570500,37570500,1,CNLOH BEFORE & LOSS
MDL18-339,16q,3,0,39700030,43572954,0.91,CNLOH BEFORE & LOSS
MDL18-339,17p,3,0,20501138,24446245.5,0.84,CNLOH BEFORE & LOSS
MDL18-339,18p,3,0,18113652.5,18113652.5,1,CNLOH BEFORE & LOSS
MDL18-339,18q,3,0,62086347.5,62086347.5,1,CNLOH BEFORE & LOSS
MDL18-339,23p,1,0,59893360.5,60194560.5,0.99,LOSS BEFORE & AFTER
MDL18-339,23q,1,0,95515712.5,95515712.5,1,LOSS BEFORE & AFTER
MDL18-473,1p,2,1,100133191.5,123462591.5,0.81,DIPLOID
MDL18-473,1q,2,1,122324257.5,125261255.5,0.98,DIPLOID
MDL18-473,2p,1,0,4253551,4253551,1,HETLOSS
MDL18-473,2q,2,1,135778185,147891088,0.92,DIPLOID
MDL18-473,3q,2,1,94959497,105479483,0.9,DIPLOID
MDL18-473,4p,2,1,40742106,50637506,0.8,DIPLOID
MDL18-473,4q,2,1,135559794,139331894,0.97,DIPLOID
MDL18-473,5q,2,1,124906275.5,129623558.5,0.96,DIPLOID
MDL18-473,6q,2,1,95747917,105283597,0.91,DIPLOID
MDL18-473,7p,1,0,9700436.5,9700436.5,1,HETLOSS
MDL18-473,8q,2,1,97586593.5,100098239.5,0.97,DIPLOID
MDL18-473,9p,2,1,44281996.5,44439496.5,1,DIPLOID
MDL18-473,9q,2,1,83440092.5,93739715.5,0.89,DIPLOID
MDL18-473,10q,2,1,30998884,35130578,0.88,DIPLOID
MDL18-473,11p,2,1,49530011,52618211,0.94,DIPLOID
MDL18-473,11q,2,1,81390492,82230606,0.99,DIPLOID
MDL18-473,13q,2,1,84521009,96117591,0.88,DIPLOID
MDL18-473,15q,2,1,69274506,82070006,0.84,DIPLOID
MDL18-473,16p,2,1,30363359,35067259,0.87,DIPLOID
MDL18-473,17q,2,1,51972705,58472878.5,0.89,DIPLOID
MDL18-473,18p,2,1,18113652.5,18113652.5,1,DIPLOID
MDL18-473,18q,2,1,62085909.5,62085909.5,1,DIPLOID
MDL18-473,19p,1,0,25734210,25734210,1,HETLOSS
MDL18-473,20p,2,1,25188344,28148534,0.89,DIPLOID
MDL18-473,20q,2,1,29086448,36005170,0.81,DIPLOID
MDL18-473,21q,2,1,32390000,34787348,0.93,DIPLOID
MDL18-473,23p,2,1,60224960.5,60224960.5,1,DIPLOID
MDL18-473,23q,2,1,93165212.5,95504507.5,0.98,DIPLOID
MDL18-604,1p,4,2,97536789,97536789,1,TETRAPLOID
MDL18-604,2p,1,0,4253551,4253551,1,LOSS BEFORE & AFTER
MDL18-604,3p,6,3,797416,797416,1,AMP (BALANCED)
MDL18-604,4p,4,2,40742106,40900506,1,TETRAPLOID
MDL18-604,4q,4,2,137408004,137408004,1,TETRAPLOID
MDL18-604,5q,4,2,114595838,123725618,0.93,TETRAPLOID
MDL18-604,6p,4,2,59085211,59085211,1,TETRAPLOID
MDL18-604,6q,4,2,99248410,111444294,0.89,TETRAPLOID
MDL18-604,8q,6,3,55841594,61614689,0.91,AMP (BALANCED)
MDL18-604,9p,3,0,44441996.5,44441996.5,1,CNLOH BEFORE & LOSS
MDL18-604,10q,4,2,27560482,29081713,0.95,TETRAPLOID
MDL18-604,11p,6,3,16522211,16522211,1,AMP (BALANCED)
MDL18-604,11q,6,3,77359472,81539672,0.95,AMP (BALANCED)
MDL18-604,12q,4,2,79583572,79962248,1,TETRAPLOID
MDL18-604,13q,4,2,84517658,94922317,0.89,TETRAPLOID
MDL18-604,15q,4,2,69131000,69360023,1,TETRAPLOID
MDL18-604,18q,4,2,58365342.5,61875047.5,0.94,TETRAPLOID
MDL18-604,20p,5,2,27845290,27845290,1,GAIN
MDL18-604,23p,2,0,57726860.5,57726860.5,1,LOSS BEFORE
MDL18-604,23q,2,0,81329239.5,94171081.5,0.86,LOSS BEFORE
MDL18-93,1p,3,1,86245700,100454232.5,0.86,LOSS AFTER
MDL18-93,3p,5,2,792216,792216,1,GAIN
MDL18-93,4p,0,0,158400,158400,1,HOMDEL
MDL18-93,6q,3,1,90153230,105710314,0.85,LOSS AFTER
MDL18-93,8p,6,3,1613104.5,1613104.5,1,AMP (BALANCED)
MDL18-93,9q,3,1,68813140,74336574,0.93,LOSS AFTER
MDL18-93,10q,5,2,77718700,87464326,0.89,GAIN
MDL18-93,11p,1,0,1927000,1927000,1,LOSS BEFORE & AFTER
MDL18-93,11q,3,1,31351884,32370065,0.97,LOSS AFTER
MDL18-93,12p,5,2,24225529.5,24225529.5,1,GAIN
MDL18-93,13q,3,1,94761100,94761100,1,LOSS AFTER
MDL18-93,15q,1,0,9519100,10912909,0.87,LOSS BEFORE & AFTER
MDL18-93,17p,3,0,15698231,18929136,0.83,CNLOH BEFORE & LOSS
MDL18-93,18p,5,2,18113652.5,18113652.5,1,GAIN
MDL18-93,20p,3,1,28149490,28149490,1,LOSS AFTER
MDL18-93,20q,6,3,30368172,36087182,0.84,AMP (BALANCED)
MDL18-93,23p,2,1,22233960.5,22233960.5,1,DOUBLE LOSS AFTER
MDL18-93,23q,2,1,93263263.5,95518110.5,0.98,DOUBLE LOSS AFTER
